INSERT INTO categorias (nome, slug) VALUES 
('Eletrônicos', 'eletronicos'), 
('Livros', 'livros'), 
('Vestuário', 'vestuario'), 
('Casa', 'casa'), 
('Esportes', 'esportes');

INSERT INTO produtos (categoria_id, nome, sku, preco, estoque, descricao) VALUES
(1, 'Smartphone X', 'ELEC-SMARTX', 2999.00, 50, 'Celular top de linha'), 
(1, 'Notebook Y', 'ELEC-NOTEY', 4500.00, 20, 'Notebook para trabalho'), 
(1, 'Fone Bluetooth', 'ELEC-FONEB', 250.00, 100, 'Fone sem fio'),
(2, 'Livro de SQL', 'LIVR-SQL01', 89.90, 200, 'Aprenda banco de dados'), 
(2, 'Clean Code', 'LIVR-CC02', 120.00, 150, 'Boas práticas de código'), 
(2, 'Design Patterns', 'LIVR-DP03', 140.00, 80, 'Padrões de projeto'),
(3, 'Camiseta Básica', 'VEST-CAMB', 49.90, 300, 'Camiseta de algodão'), 
(3, 'Calça Jeans', 'VEST-JEANS', 119.90, 120, 'Calça jeans slim'), 
(3, 'Jaqueta Couro', 'VEST-JAQ', 299.00, 40, 'Jaqueta sintética'),
(4, 'Luminária Mesa', 'CASA-LUM', 79.90, 60, 'Luminária articulada'), 
(4, 'Jogo de Cama', 'CASA-CAMA', 189.90, 45, 'Algodão 300 fios'), 
(4, 'Cafeteira Express', 'CASA-CAF', 450.00, 25, 'Cafeteira espresso'),
(5, 'Bola de Futebol', 'ESPO-BOLA', 99.00, 90, 'Bola oficial'), 
(5, 'Tênis Corrida', 'ESPO-TENIS', 349.90, 70, 'Amortecimento leve'), 
(5, 'Mochila Camping', 'ESPO-MOCH', 219.90, 35, 'Mochila impermeável');

INSERT INTO clientes (nome, email, cpf, data_nascimento) VALUES
('Carlos Silva', 'carlos@email.com', '11122233344', '1990-05-15'), 
('Ana Souza', 'ana@email.com', '22233344455', '1985-08-22'), 
('Bruno Lima', 'bruno@email.com', '33344455566', '1993-11-02'),
('Carla Dias', 'carla@email.com', '44455566677', '1988-03-30'), 
('Daniel Reis', 'daniel@email.com', '55566677788', '1995-07-12'), 
('Eduarda Mota', 'eduarda@email.com', '66677788899', '1991-01-25'),
('Fabio Costa', 'fabio@email.com', '77788899900', '1982-09-05'), 
('Gisele Torres', 'gisele@email.com', '88899900011', '1997-12-18'), 
('Hugo Vieira', 'hugo@email.com', '99900011122', '1984-04-09'),
('Iara Ramos', 'iara@email.com', '00011122233', '1992-06-14'), 
('Jonas Cruz', 'jonas@email.com', '12345678901', '1989-10-21'), 
('Kátia Neves', 'katia@email.com', '23456789012', '1996-02-27'),
('Lucas Pena', 'lucas@email.com', '34567890123', '1994-08-08'), 
('Marina Luz', 'marina@email.com', '45678901234', '1987-05-19'), 
('Otávio Sales', 'otavio@email.com', '56789012345', '1991-12-01');

INSERT INTO enderecos (cliente_id, rua, numero, cidade, estado, cep) VALUES
(1, 'Av Paulista', '1000', 'São Paulo', 'SP', '01310100'), 
(2, 'Rua Copacabana', '500', 'Rio de Janeiro', 'RJ', '22020002'), 
(3, 'Rua Bahia', '12', 'Belo Horizonte', 'MG', '30110010'),
(4, 'Av Central', '45', 'Curitiba', 'PR', '80010010'), 
(5, 'Rua das Flores', '789', 'Porto Alegre', 'RS', '90010020'), 
(6, 'Av Sol', '321', 'Fortaleza', 'CE', '60010030'),
(7, 'Rua Norte', '88', 'Recife', 'PE', '50010040'), 
(8, 'Av Sete', '14', 'Salvador', 'BA', '40010050'), 
(9, 'Rua Goiás', '99', 'Goiânia', 'GO', '74010060'),
(10, 'Av Capital', '101', 'Brasília', 'DF', '70010070'), 
(11, 'Rua Pará', '202', 'Belém', 'PA', '66010080'), 
(12, 'Rua Amazonas', '303', 'Manaus', 'AM', '69010090'),
(13, 'Av Sul', '404', 'Florianópolis', 'SC', '88010100'), 
(14, 'Rua Espírito Santo', '505', 'Vitória', 'ES', '29010110'), 
(15, 'Av Mato Grosso', '606', 'Cuiabá', 'MT', '78010120');

INSERT INTO pedidos (cliente_id, endereco_id, data_pedido, status, valor_total) VALUES
(1, 1, '2025-01-10 10:00:00', 'ENTREGUE', 3249.00), 
(2, 2, '2025-02-12 14:30:00', 'ENTREGUE', 120.00), 
(3, 3, '2025-03-05 16:15:00', 'ENTREGUE', 4500.00),
(4, 4, '2025-04-20 09:00:00', 'ENTREGUE', 169.80), 
(5, 5, '2025-05-18 11:45:00', 'ENTREGUE', 349.90), 
(6, 6, '2025-06-22 15:00:00', 'ENTREGUE', 79.90),
(7, 7, '2025-07-14 13:20:00', 'ENTREGUE', 219.90), 
(8, 8, '2025-08-30 17:10:00', 'ENTREGUE', 450.00), 
(9, 9, '2025-09-11 10:05:00', 'ENTREGUE', 99.00),
(10, 10, '2025-10-05 12:30:00', 'ENTREGUE', 2999.00), 
(11, 11, '2026-01-15 14:00:00', 'ENTREGUE', 250.00), 
(12, 12, '2026-02-20 16:45:00', 'ENTREGUE', 140.00),
(13, 13, '2026-03-10 09:15:00', 'PROCESSANDO', 169.80), 
(14, 14, '2026-04-02 11:00:00', 'PROCESSANDO', 4500.00), 
(15, 15, '2026-05-12 13:30:00', 'PENDENTE', 3249.00),
(1, 1, '2026-06-01 10:00:00', 'PENDENTE', 89.90), 
(2, 2, '2026-06-02 11:00:00', 'PENDENTE', 299.00), 
(3, 3, '2026-06-03 12:00:00', 'PENDENTE', 189.90),
(4, 4, '2026-06-04 13:00:00', 'PENDENTE', 119.90), 
(5, 5, '2026-06-05 14:00:00', 'PENDENTE', 49.90);

INSERT INTO itens_pedido (pedido_id, produto_id, quantidade, preco_unitario) VALUES
(1, 1, 1, 2999.00), 
(1, 3, 1, 250.00), 
(2, 5, 1, 120.00), 
(3, 2, 1, 4500.00), 
(4, 4, 1, 89.90),
(4, 10, 1, 79.90), 
(5, 14, 1, 349.90), 
(6, 10, 1, 79.90), 
(7, 15, 1, 219.90), 
(8, 12, 1, 4500.00),
(9, 13, 1, 99.00), 
(10, 1, 1, 2999.00), 
(11, 3, 1, 250.00), 
(12, 6, 1, 140.00), 
(13, 4, 1, 89.90),
(13, 10, 1, 79.90), 
(14, 2, 1, 4500.00), 
(15, 1, 1, 2999.00), 
(15, 3, 1, 250.00), 
(16, 4, 1, 89.90),
(17, 9, 1, 299.00), 
(18, 11, 1, 189.90), 
(19, 8, 1, 119.90), 
(20, 7, 1, 49.90), 
(1, 10, 1, 79.90);

INSERT INTO pagamentos (pedido_id, metodo, status, valor_pago) VALUES
(1, 'Cartão de Crédito', 'APROVADO', 3249.00), 
(2, 'Boleto', 'APROVADO', 120.00), 
(3, 'Pix', 'APROVADO', 4500.00),
(4, 'Cartão de Crédito', 'APROVADO', 169.80), 
(5, 'Pix', 'APROVADO', 349.90), 
(6, 'Boleto', 'APROVADO', 79.90),
(7, 'Cartão de Crédito', 'APROVADO', 219.90), 
(8, 'Pix', 'APROVADO', 450.00), 
(9, 'Boleto', 'APROVADO', 99.00),
(10, 'Cartão de Crédito', 'APROVADO', 2999.00), 
(11, 'Pix', 'APROVADO', 250.00), 
(12, 'Cartão de Crédito', 'APROVADO', 140.00),
(13, 'Pix', 'APROVADO', 169.80), 
(14, 'Cartão de Crédito', 'APROVADO', 4500.00), 
(15, 'Boleto', 'PENDENTE', 3249.00),
(16, 'Pix', 'PENDENTE', 89.90), 
(17, 'Cartão de Crédito', 'PENDENTE', 299.00), 
(18, 'Pix', 'PENDENTE', 189.90),
(19, 'Boleto', 'PENDENTE', 119.90), 
(20, 'Pix', 'PENDENTE', 49.90);